{
  "training_duration": "02:11:20",
  "training_start_epoch": 0,
  "training_epochs": 4,
  "epoch": 4,
  "training_loss": 3.8873674516521577,
  "validation_loss": 4.229836544741882,
  "best_epoch": 4,
  "best_validation_loss": 4.229836544741882
}